{
    "legacy_addon_id": "ParsForo/ZarinPal",
    "title": "ZarinPal",
    "description": "ZarinPal Payment Gateway for XenForo \u062f\u0631\u06af\u0627\u0647 \u067e\u0631\u062f\u0627\u062e\u062a \u0632\u0631\u06cc\u0646 \u067e\u0627\u0644",
    "version_id": 2,
    "version_string": "2.0.0",
    "dev": "\u0645\u062c\u06cc\u062f \u0622\u0642\u0627\u0628\u06cc\u06af\u0644\u0648\u06cc\u06cc (\u0627\u062e\u062a\u0635\u0627\u0635\u06cc \u067e\u0627\u0631\u0633 \u0641\u0648\u0631\u0648) Majid_comp",
    "dev_url": "https://parsforo.ir/members/20/",
    "faq_url": "https://parsforo.ir/",
    "support_url": "https://zarinpal.com",
    "extra_urls": ["http://forum.hr-charm.ir"],
    "require": [],
    "icon": "icon.png"
}