{
    "src/addons/ParsForo/ZarinPal/addon.json": "41c0118facff5a0c5b0e981c290d52e6ac10ea9eb774923ae2d70f3343989881",
    "src/addons/ParsForo/ZarinPal/icon.png": "68d1aa947be403e758e95ac951dfe56b44881f834264663e5f056003e7bcaf28",
    "src/addons/ParsForo/ZarinPal/Setup.php": "084116897260238255d9bed1a56f5dd31dbc666841cae233c65f28ceec593a01",
    "src/addons/ParsForo/ZarinPal/XF/Payment/ZarinPal.php": "b5fab78ba75ed70ce3f637c6dbbdc10d895bc64a38e8d813276bb5aab296eb06",
    "src/addons/ParsForo/ZarinPal/_data/admin_navigation.xml": "064ec797484ac00d5ee37367b50b06846d11f480d00550997712707f8fdac8c0",
    "src/addons/ParsForo/ZarinPal/_data/admin_permission.xml": "ec6fb97cebf0bceb24f1ed1d5778c1db54eeb7535fbb3e31d824840e7aa9ff87",
    "src/addons/ParsForo/ZarinPal/_data/advertising_positions.xml": "d2f7cbe844bb1df3cf878d22ff6306249245c8ff6b0b87b9b729744bec538261",
    "src/addons/ParsForo/ZarinPal/_data/bb_codes.xml": "faa4ddd5f4a365e5ac39aebdcbe2d25aedf74e7eb9ea4a812766e2fd5e13bdb1",
    "src/addons/ParsForo/ZarinPal/_data/bb_code_media_sites.xml": "29762987990187b33e43cfb68c08dc917b2d3f0176613d78f8e6c453f82da3f3",
    "src/addons/ParsForo/ZarinPal/_data/class_extensions.xml": "1f548b8006e9952a3f5889f71e09fdfa6726ac1a47c1af7b2626d1a88920d5a4",
    "src/addons/ParsForo/ZarinPal/_data/code_events.xml": "8370dec3df47f91df4cf79da253446ad11b29f4ea568fe76c774e97a0379f0eb",
    "src/addons/ParsForo/ZarinPal/_data/code_event_listeners.xml": "d6b5072f4909dee7a20ee9e44b163f95c8aa52e6ac7f573e292000cd9238c331",
    "src/addons/ParsForo/ZarinPal/_data/content_type_fields.xml": "c7ad5472b28f465b7ac7617627707eba1b7a39d28089460d52e1ed292fc0b06a",
    "src/addons/ParsForo/ZarinPal/_data/cron.xml": "323c4284742ef24329cd6db6f288eb9736d2353f36852e1db12591e1583aea26",
    "src/addons/ParsForo/ZarinPal/_data/help_pages.xml": "a8a0c0b06cdc550438bc8a8d385af3e1e5ab3459877dfb934c1c31be59c89163",
    "src/addons/ParsForo/ZarinPal/_data/member_stats.xml": "89fb2b93ff1eca7a1f6f752248edf6090dfd24037db1446fd18ff7143f08124d",
    "src/addons/ParsForo/ZarinPal/_data/navigation.xml": "f75e1c03a45a360bbdfcd0567121665082315068475d5b0feb8b1acbb1688651",
    "src/addons/ParsForo/ZarinPal/_data/options.xml": "1cea29aa5671733d85c8fc6f7c66128eacbca5643cbb38585eb82002879b51a4",
    "src/addons/ParsForo/ZarinPal/_data/option_groups.xml": "154d7a89664b243d0bd8227c22e241f934bf7e196c83230ee23d3c0c4fba1333",
    "src/addons/ParsForo/ZarinPal/_data/permissions.xml": "7e4fc7d5826733d15ea2d8936b9bdd41afcaad810eb38e50da3c8d8eafda1550",
    "src/addons/ParsForo/ZarinPal/_data/permission_interface_groups.xml": "3177224e96458b829aa7fb24866dda9e0455a4922aee3d669b53f59a1ffdf5d1",
    "src/addons/ParsForo/ZarinPal/_data/phrases.xml": "7258955f4abf2e544cc1dbebd22d68807a291db54f7d97d9b495adc921066479",
    "src/addons/ParsForo/ZarinPal/_data/routes.xml": "550fa64f9feedf137dd877b38c2684f94474619d2d83890dbb717a91b50da8f5",
    "src/addons/ParsForo/ZarinPal/_data/style_properties.xml": "8b8690a8512f01f219dd2da76e3d0c5f62afc1f317b87794a7331c859c36a7a8",
    "src/addons/ParsForo/ZarinPal/_data/style_property_groups.xml": "68e1879cb3846c42d978487aa8d5145ff3335fc39e58016878824d5cf3fd684c",
    "src/addons/ParsForo/ZarinPal/_data/templates.xml": "ac440efc31c39a395fd37706a0aebd2370b013be8432a38f59ab8642f9df705c",
    "src/addons/ParsForo/ZarinPal/_data/template_modifications.xml": "3b54b7df00a6a4a18c5e012b6e2588e35c23aaa13a5fc227f08646a97590d778",
    "src/addons/ParsForo/ZarinPal/_data/widget_definitions.xml": "37e46965256430f24004c2e7f08ba08f9b0d1cbcc4d70e84b3f4e3ffb713e64b",
    "src/addons/ParsForo/ZarinPal/_data/widget_positions.xml": "a29cee66134f6bc5d75ed9df1eef21096c24401915c5b5c774389c3d7bb2d5b3"
}